Date;Economic Policy Uncertainty;Monetary policy;Fiscal Policy (Taxes OR Spending);Taxes;Government spending;Health care;National security;Entitlement programs;Regulation;Financial Regulation;Trade policy;Sovereign debt or currency crises
01/01/1991;271.8324093;343.66884;271.2848413;241.6227415;334.9200618;151.6105757;758.2634099;113.1861288;201.3202405;580.8658692;97.83042065;0
01/02/1991;153.9738099;172.3233033;158.3834514;153.4117554;378.7405325;391.5480853;234.8671419;527.590148;352.9785136;273.3207576;128.9939869;0
01/03/1991;122.1363771;176.3829734;78.83839855;73.55461459;76.45914837;27.66564627;298.7104962;47.9288338;112.2319475;261.4554185;148.2803399;0
01/04/1991;111.1681082;117.5936527;68.09060519;68.58819743;44.34819314;39.5958955;133.7573034;50.5452846;86.42065738;128.0167366;78.18750623;21.85188326
01/05/1991;79.57537906;52.78300005;60.36921666;67.19264358;35.12840681;48.42175313;93.18739061;29.90429204;54.56494071;66.73507281;103.221136;21.15541604
01/06/1991;84.9416968;48.23958314;67.62559361;62.80454024;62.02034506;72.6666534;89.7411108;60.47656418;69.36204815;90.89198395;87.47533142;0
01/07/1991;109.7069054;96.67242759;92.06665376;89.78062775;84.93092671;102.7937152;102.7667141;80.79694297;129.3490649;141.6707497;94.95476986;112.2761812
01/08/1991;102.425411;82.48524316;69.30375333;57.41965408;82.69143182;34.60218008;130.6397909;35.65409895;66.05720695;86.56132213;48.59601849;42.6851527
01/09/1991;117.1181443;96.21957091;72.3093718;64.60868743;79.75245645;68.02073748;106.3317609;72.21248942;111.4915138;126.6186211;56.24261324;0
01/10/1991;112.0872265;111.7930834;101.2519037;108.6067938;70.26769921;61.17379655;113.5240324;82.42842601;146.4864813;316.1624815;84.76311655;40.0901568
01/11/1991;172.5034415;201.0340978;208.7442158;216.5442795;167.1843492;186.9060827;143.4579454;192.2695049;143.1300238;180.4350561;116.5299382;0
01/12/1991;185.4754762;160.0887572;167.8428631;173.1553553;156.0009861;111.0083908;239.9664149;146.755658;156.7188353;267.220968;207.1696077;65.88605364
01/01/1992;162.1154695;160.1280451;213.3596823;222.9367728;189.1940888;193.6162317;206.2063781;189.0103598;119.3311032;84.02045482;134.7701747;20.71609961
01/02/1992;169.7040451;160.0204103;180.2424386;185.7795365;158.9180639;153.8938317;165.9121887;126.0995625;127.4857289;98.26895199;99.30374725;43.6125813
01/03/1992;125.4098384;95.02530672;122.9614518;124.1121497;103.9272241;109.2940865;141.1190136;119.8112124;131.9273715;78.77964029;164.2729699;0
01/04/1992;95.18696839;71.47795214;76.15170365;76.28309772;70.16085804;59.17200809;96.17696285;87.44703801;96.36200028;81.17530979;97.65488686;120.0876006
01/05/1992;93.57783044;48.04074435;93.99875003;89.11268243;86.89075272;80.27278135;73.37297914;72.10885915;89.59536223;90.31208146;117.3382573;0
01/06/1992;119.8197537;86.18208484;89.49097872;74.65604858;114.9458221;77.85600462;129.0431553;69.01763886;94.19803816;58.0880233;167.7134397;21.48329141
01/07/1992;134.573995;173.24168;118.9170001;111.0557693;126.3916883;100.5121313;110.9362454;67.71736629;108.7333813;85.49049235;116.5589179;21.07855235
01/08/1992;151.883382;141.7331091;174.9034345;176.5036348;199.4763928;174.1874467;180.1465785;121.4008387;128.1501488;66.22507697;286.8104685;167.9499546
01/09/1992;155.7167824;195.9262274;151.8856398;149.6481953;209.7393409;151.1855598;145.5773164;91.13542219;141.672963;75.19925504;284.9667036;1439.256217
01/10/1992;188.747608;195.2484823;222.4133667;204.8735013;280.5964373;205.0920368;197.279964;126.9718853;154.9073174;104.7692648;422.2296527;368.1050058
01/11/1992;154.9961944;117.032596;166.9908661;159.6783994;205.5935704;226.195697;183.6382564;118.2361926;128.3253257;101.3551606;312.58801;122.6789085
01/12/1992;100.6536007;57.60823272;85.90504356;79.65715027;95.51878479;112.3026295;95.23858677;60.00692057;101.2402224;73.19455079;132.0809048;182.724484
01/01/1993;112.0049902;55.15993945;134.7219358;134.6690177;144.8746535;195.8579923;132.4573693;129.3667606;103.8617276;18.14671228;196.476444;60.40246807
01/02/1993;113.3260729;101.6173094;164.7640107;176.6141057;201.3913876;187.9879176;73.96290868;157.9743419;171.2923658;85.96394333;117.2044275;148.3670056
01/03/1993;134.0039309;82.28641241;130.7955504;124.2881423;130.7559434;182.0391789;132.9798271;157.8586642;138.1101463;102.200159;135.2428403;113.3932095
01/04/1993;115.8018665;55.47373622;114.1436666;124.1901789;91.97962897;182.7220134;100.6571116;113.0547679;117.65923;26.43095664;127.1870517;39.10093073
01/05/1993;153.300492;105.5729077;209.2150389;224.7830195;197.3122804;367.900842;122.3586265;225.7765395;310.3161524;34.42438853;260.901641;95.48644392
01/06/1993;131.5552888;137.5609197;159.7299217;169.023802;86.46410887;264.2775461;107.2374166;151.8661291;141.8958002;55.09338272;192.2062312;81.50301069
01/07/1993;118.8922253;132.8890062;154.4342188;157.1377313;155.9181326;199.5694209;98.99112672;74.98428045;124.5536101;45.33749214;386.1542131;321.9385203
01/08/1993;143.3253918;145.9587308;176.7992846;186.5483655;170.6411705;231.4216697;76.23530691;240.2611869;131.6734099;35.85345516;608.1632227;218.7908625
01/09/1993;124.841129;40.26895825;107.3519577;107.6508211;94.01269482;211.2053527;119.9630263;158.6640732;124.6870535;88.31883024;427.1194886;78.3932684
01/10/1993;80.60397416;56.89054078;57.51690534;58.62695605;45.97538031;137.309153;68.63654284;56.92823245;74.58747559;8.318245171;354.2460408;18.45853326
01/11/1993;100.2657783;57.2033482;64.56006607;65.5377634;46.74181808;152.4015642;88.07239806;82.64205053;92.15129163;35.12872558;1020.585881;19.48802711
01/12/1993;87.490977;38.65647553;65.11004813;66.25293669;49.78041163;102.9275886;106.9430741;74.29791022;61.30680178;17.37003118;488.9748047;19.27241213
01/01/1994;91.35413463;63.95991106;86.41476433;88.08253086;71.26734443;194.5837251;90.65597515;91.63963734;71.5289326;17.85361294;199.7464596;39.61791239
01/02/1994;77.52547059;65.79154812;66.16582898;60.14952044;84.58643817;93.2766157;92.0864631;104.7377179;54.30707377;36.72978325;185.5827827;40.75246113
01/03/1994;84.14653546;104.5888833;47.14123379;46.31978799;43.08974919;83.95373409;80.16332056;57.71590616;60.23816168;24.28801505;268.8127582;35.93074616
01/04/1994;106.3709982;159.8695006;59.13709631;61.05405736;38.11545467;98.51093304;64.46294637;62.74897897;88.80708149;25.39041672;348.2127802;37.56159639
01/05/1994;110.1581895;160.7677577;57.16944892;55.63052257;45.22162846;88.30716217;82.05215694;46.6624267;82.73033586;32.72748066;277.5694842;108.9354686
01/06/1994;77.08012047;69.77451123;48.01204524;49.78751692;19.04311322;114.543001;86.9582439;38.58514519;70.99118497;33.82792866;201.4422814;187.6639644
01/07/1994;87.78914405;73.57048406;49.95039219;42.67825758;52.68170604;107.1109588;93.65209665;44.03175267;94.92334941;25.73534419;309.5993266;57.10780303
01/08/1994;87.7473441;100.5066393;47.78252131;46.75798384;44.79581763;163.86842;65.17400842;110.4019752;80.28614561;16.83310629;224.7797952;56.0300483
01/09/1994;93.1808571;51.97155066;51.66643854;52.01518905;35.48289368;94.32717198;132.0233528;68.25785316;103.9322083;33.01641211;160.8625417;0
01/10/1994;80.18196315;61.62653467;74.02822814;75.83542901;61.33112082;110.1246547;78.06787984;96.67644056;75.20968915;7.884378321;216.2580729;52.48729384
01/11/1994;116.1364461;126.3685017;111.5743824;116.2319462;147.6710006;147.4601904;122.7934016;154.280619;120.4230868;24.59257194;627.2054709;18.1906479
01/12/1994;87.64626396;86.43605695;78.69251858;83.39336442;73.77374853;81.58955158;70.21951224;62.13862445;92.74016698;58.66804085;362.9744643;111.5887128
01/01/1995;131.6540693;185.1980705;121.8359724;124.1873525;127.8832046;132.2077243;64.0530678;189.5622663;152.8007172;112.1287792;433.5823537;622.0461044
01/02/1995;130.3566806;166.7413204;112.4075109;105.6641596;129.5672274;67.86733843;137.1274339;151.610522;189.9863476;75.95328495;207.1115153;318.359963
01/03/1995;96.35862162;96.29856451;93.91165714;83.88656998;120.0567227;99.2932646;73.51975742;123.3398455;159.4438721;65.97952071;179.9147795;146.4113106
01/04/1995;69.77728369;49.73308923;54.81981337;57.30101823;63.5792602;70.65896206;63.08352171;84.13834539;96.28869928;23.29415087;56.04629469;68.92092419
01/05/1995;63.30757797;39.37144283;50.59415114;51.99925161;46.40057919;49.56865785;56.58934093;56.01835953;73.51548175;15.11131619;114.5283144;50.29896212
01/06/1995;94.5612944;120.1632785;80.00119405;69.31678231;109.3318951;70.43841255;83.52128901;101.5337692;85.65096556;46.44288455;122.9169833;223.2938489
01/07/1995;89.35136289;88.64650384;66.42608928;61.07003589;103.2438149;81.3219999;71.13805902;114.1427653;80.94794875;24.01678659;46.22797908;53.29425197
01/08/1995;45.52693452;35.92119879;33.04507723;26.79850484;44.10648527;45.5979975;35.16635842;63.63518479;61.65952786;7.695105356;72.20698301;17.07576
01/09/1995;53.49117021;32.48447844;55.28647225;54.07656844;54.97198121;50.33596025;41.88150486;87.51615485;60.0155356;7.672616568;22.15260295;17.02585644
01/10/1995;80.55272146;42.06806603;85.65940006;81.51889082;98.42278357;100.2323922;55.56881726;135.0577991;88.98989246;7.176141458;129.4947843;47.77247235
01/11/1995;90.58875285;93.93924263;120.0434446;87.08200999;216.5006895;128.3454325;51.63764332;170.829613;53.61833546;14.79188059;80.07665671;32.82380049
01/12/1995;111.6023127;176.5157021;150.7244268;94.1213411;296.7367539;198.0216556;69.12710408;262.4494549;77.55180163;69.02750833;38.75243572;34.03887165
01/01/1996;116.6893102;138.4709603;154.1692344;119.865796;264.273298;147.2389264;53.97342529;222.6450679;117.9867626;38.65244475;44.63938756;17.15427767
01/02/1996;90.7081012;57.52270373;104.9239181;102.0860436;143.5604931;120.3811842;73.19891254;122.2109199;89.19698337;15.5844894;191.2329727;0
01/03/1996;80.61006604;68.22388146;80.04733286;78.7303722;88.09498783;85.29154496;45.95862189;97.39474985;95.13492828;13.66189038;138.0575331;45.47445757
01/04/1996;62.70352938;29.41227211;73.17057781;66.80397884;81.73255199;82.98756867;57.92519224;91.4901707;62.57074826;7.129797294;66.9024176;15.82131781
01/05/1996;74.73056783;57.68786295;64.95813343;71.74183432;36.2597871;67.76307084;70.91632663;102.9633497;113.0778751;20.43823116;83.59729988;15.1177627
01/06/1996;70.12630217;71.41474328;60.11684866;59.39506381;61.34671053;85.0772478;69.59037303;52.10775038;80.88014138;43.85598042;84.41484618;16.21970854
01/07/1996;64.63349734;92.13380976;34.5504216;35.78221167;25.0292593;54.79550024;31.04262729;55.37550911;52.14217673;7.192323721;51.91471848;0
01/08/1996;70.6064179;42.34075809;80.60094248;87.77949906;67.00859535;100.2270362;64.54104514;154.9109619;112.9426742;34.82353146;60.32611108;15.45497399
01/09/1996;68.01254032;68.95224723;47.78797621;49.70689233;36.52249856;74.0047969;67.94573685;89.54225765;77.60716379;7.136587948;51.5124136;31.67277312
01/10/1996;67.23144302;45.35648661;73.85207136;80.83419151;67.87829338;96.8396743;65.66530872;100.2286017;75.91343534;39.79076703;67.01628866;14.71622884
01/11/1996;62.45230494;31.46277412;74.33302908;76.67105302;81.92902175;141.6526909;56.06221172;149.5471909;71.0902465;6.900489923;89.65483343;15.31247519
01/12/1996;62.99679184;60.65491913;47.96579489;46.32814761;46.92275006;42.44581037;49.10296492;75.57707763;73.79615314;21.4894294;118.919409;15.89531363
01/01/1997;68.9113208;53.13118401;85.09770306;83.41758656;86.27217377;89.18956793;55.22548045;160.8836963;53.17033452;20.39249932;44.15836531;0
01/02/1997;64.54440055;19.42384295;58.86348707;58.75018676;79.11356643;72.70123017;58.14570686;136.7372677;64.17435989;28.62775848;98.15269557;0
01/03/1997;61.01566954;60.95910064;35.76176931;39.15313179;23.51204681;52.6654572;55.08169838;54.58760986;42.60812875;25.52396111;50.6642998;28.31936757
01/04/1997;56.85521212;65.53338005;37.66068127;40.70350455;17.65332766;39.30832881;41.26290379;47.29095999;46.826472;13.26732524;67.03516653;73.60187132
01/05/1997;74.99195665;75.03735614;70.05714063;72.3113421;62.15179239;68.35481673;52.48270988;93.9465568;67.78365357;6.459902304;139.8841414;28.66958574
01/06/1997;75.94349581;54.07790851;62.08396321;58.27914328;58.66895743;46.21174601;51.97455841;68.10547345;119.7714734;81.88615453;68.95702922;45.42719877
01/07/1997;57.1136192;24.04670856;46.85554604;51.08278607;41.09279799;76.17533591;48.32934199;57.2427652;67.3510508;6.922099944;89.93560231;30.72085745
01/08/1997;66.42318316;75.88222824;64.4428606;62.3746508;55.87231763;50.71759481;43.94370302;79.72912759;82.55296403;6.6570678;134.5433659;103.4061794
01/09/1997;47.76498995;16.57450987;42.51751993;46.78543716;27.17721236;42.14436223;26.12264109;81.39509971;60.78866897;6.638119441;114.9946355;14.73026414
01/10/1997;72.45949887;80.45110452;46.86519612;48.35287713;21.13893753;37.27996973;30.07317756;76.2152366;73.00981836;42.52089765;100.8447973;283.0669405
01/11/1997;78.51168233;53.72140119;51.92206763;57.01896001;26.31168468;29.92158948;66.89797779;32.98724583;68.66148179;38.56026953;180.9150491;313.7451082
01/12/1997;61.67232735;59.10262712;47.74205257;51.66913682;13.42736353;40.25613391;42.46600442;46.76119998;81.34120246;59.03416255;66.28422913;858.7729986
01/01/1998;107.5783743;120.8020118;88.90591978;94.38953112;129.6051226;139.4015223;68.19408963;202.425324;117.1290687;63.95244057;69.24200879;1490.08792
01/02/1998;84.99236179;137.3872052;61.08514742;62.96170018;64.08444089;63.43231691;54.96023434;129.1571776;50.83012966;33.30388485;43.27017765;1492.834756
01/03/1998;69.38604828;54.35452969;88.93704807;90.44539372;58.56791282;50.45704591;35.56287353;83.28551618;60.26995457;29.80290954;38.72152442;383.576622
01/04/1998;67.67870712;56.65689446;69.71082747;73.23370426;43.43853314;50.97603317;53.14675646;86.67706328;44.86046474;11.47026821;74.51391112;381.7950594
01/05/1998;64.06512808;60.9189276;46.11380867;44.02819494;41.99622673;25.53904595;65.10746076;30.97125126;65.61644464;18.10184157;108.88368;415.0770015
01/06/1998;65.60018174;58.82242092;70.4250657;77.02026494;21.12738006;66.89059535;36.02954819;93.81034433;41.84186788;19.35160841;55.87252975;458.0482864
01/07/1998;66.03146586;83.19637325;59.46769809;67.22145393;19.44788318;30.82848858;44.2205607;39.73366726;48.33342308;63.33608698;45.71645066;758.9452726
01/08/1998;115.5147302;146.0987999;60.52774251;63.6905597;42.88316007;41.64643722;105.5661333;65.16737592;67.82149406;44.43662142;41.23887202;802.9404168
01/09/1998;149.5518044;239.2139406;104.249081;107.5966508;102.7448094;94.5610351;110.3353965;200.7237538;79.40748395;30.60456372;66.27179358;923.6141403
01/10/1998;112.1464394;157.4840303;98.10410959;103.7112399;86.51602901;78.56362855;59.45100323;114.0033963;79.54157799;22.84520184;74.20425174;342.1875815
01/11/1998;95.782708;148.7490797;57.80821206;60.82892288;31.02758048;56.45519317;48.48740359;77.7992316;62.46088688;24.25146862;74.3957713;174.8988189
01/12/1998;82.45076375;87.63404598;55.1113331;57.59503403;21.77680328;63.56671419;53.22313923;117.7725379;63.2743308;43.80396233;67.7529006;166.6334073
01/01/1999;87.77779816;109.7778719;114.7834332;119.2840386;98.57290751;128.65666;62.65589089;235.1489471;76.93941271;54.17266979;69.51507401;400.7047187
01/02/1999;62.55172892;37.1589174;50.27196516;51.69566246;36.28566421;77.61249572;50.4348709;115.0365654;51.3093178;18.33700842;75.00279157;67.81764521
01/03/1999;54.81170068;49.21654488;45.07001322;48.59393209;20.37191373;36.27140146;37.89950699;52.02692461;50.62989715;16.58634629;119.7214602;49.07439304
01/04/1999;47.56157168;34.72728771;46.15798548;50.2572444;35.61391822;27.31676197;47.73240791;38.40822142;44.96906296;22.44854538;52.6614536;199.2570371
01/05/1999;48.31810249;30.15064845;29.10928528;29.93773342;20.46733092;15.28183048;55.00013892;30.09519759;44.50865609;27.77338797;24.0564414;98.60849161
01/06/1999;50.56334961;58.49943254;43.96254502;47.62784185;29.09266837;56.3933829;37.58571328;57.41245572;36.15170442;29.60823161;59.84002655;39.42114113
01/07/1999;70.32283475;89.19775326;77.87356973;84.79380535;137.945018;153.8684573;57.77931269;198.9015044;28.19341357;5.911141004;51.20045755;78.70241182
01/08/1999;52.9488341;77.38758338;44.77192533;50.05158171;47.07297482;48.66480236;35.75923431;67.21255455;47.16138967;22.99544377;49.79483833;63.78481204
01/09/1999;57.72179647;64.48694182;30.34825299;30.31079477;24.55386089;59.22974942;46.40459083;48.86260792;46.85710322;45.6941532;37.1051706;88.7225792
01/10/1999;53.87392133;64.1780985;36.55544106;34.27002339;32.12859325;43.17957683;40.511728;40.27996751;38.92615855;15.69501954;45.31511942;69.65580703
01/11/1999;53.39345043;56.33389621;33.66419297;36.94774698;16.16486386;47.74713595;44.39317252;62.7282995;86.08757755;45.12364283;126.2109793;125.1640588
01/12/1999;71.88902868;115.68965;48.47824819;52.00566206;19.31542434;61.08041722;43.68451306;85.46808706;69.88850528;33.30249201;128.2025719;36.94980997
01/01/2000;56.99793717;47.46965155;57.20706806;60.58174678;38.5238713;84.33868433;67.45322473;96.27992271;73.91890602;16.60513502;71.91424718;122.8249592
01/02/2000;50.00945874;53.6419412;62.62095243;67.48270821;59.50008938;57.82142503;25.82831864;61.33441531;62.10722503;23.25293381;50.35241291;38.69942308
01/03/2000;62.83560172;49.18063888;45.94076661;51.49237197;11.46196026;37.70314486;51.69358806;31.93329888;81.57404231;40.72174223;88.17975384;45.18162293
01/04/2000;58.36208567;86.93387081;46.78709526;47.88025509;20.07272069;29.97439344;36.65135908;57.47650503;104.9691293;76.2661674;82.57421586;72.53048959
01/05/2000;73.3153766;95.2413444;48.27167287;54.55891037;20.31102731;38.68028387;40.43790071;72.96746541;68.7438521;46.9992523;245.009584;23.1762895
01/06/2000;66.55483195;88.45760827;36.06520291;39.2600489;22.54060283;40.7799693;42.63299502;75.35839846;110.2887754;22.02245203;35.7659255;73.30311051
01/07/2000;52.77493363;43.26377388;36.7689268;39.56069245;12.63923504;54.64233579;25.65140061;78.42943326;58.89755672;39.29129069;60.77301621;37.36672037
01/08/2000;46.9661086;55.60194959;25.86695157;26.00124252;22.46701072;69.68027665;32.50892101;44.70973998;57.83096987;26.13160906;22.63438377;0
01/09/2000;65.62060303;82.06733715;45.01865956;48.02977323;35.1705953;75.83642542;52.34454613;57.39187631;90.84267072;29.45323995;99.21129841;141.6089327
01/10/2000;66.71499726;70.28354685;60.73535063;67.60016104;49.08535763;89.31161579;56.0080252;112.137456;88.74832682;23.97850541;65.76986998;85.13488711
01/11/2000;137.9984526;227.2234245;94.58327215;102.8157307;56.85788892;176.3418142;93.18476118;166.8935692;115.4433761;49.5989924;143.2036614;99.05601111
01/12/2000;122.6100449;210.6738224;120.5777446;132.1313113;93.66245034;153.5920257;99.47478486;181.4623474;113.3786263;63.10992427;98.69861032;81.69207454
01/01/2001;119.4641449;166.2386451;114.5415328;128.2909163;69.41865192;183.9006943;69.95359178;163.1829759;123.3282352;42.38930917;91.79073987;117.5795582
01/02/2001;123.1918078;171.6383251;161.3443773;182.9052706;160.156963;164.423046;83.45438874;263.3826396;95.36250366;38.03220655;43.13873891;120.5643627
01/03/2001;123.0434836;133.9730227;153.5804933;171.7512286;148.6039962;148.5082399;31.94648278;190.4465929;73.86448956;48.39599016;31.43932159;10.73927224
01/04/2001;106.7144267;155.7892158;94.33056789;103.75738;46.7583776;74.61107029;39.08172901;90.62258951;94.73448241;79.44960366;82.43675067;308.5284773
01/05/2001;93.42091519;114.2696566;102.9708843;115.3043851;46.45520067;90.94311136;38.61513072;112.9029336;81.0635538;33.79906394;24.39641148;10.71450482
01/06/2001;69.22882532;61.84278681;61.81766661;68.27668056;22.26269391;67.95062084;36.81517972;67.93149053;76.07739444;25.8939661;48.59518053;22.98391667
01/07/2001;89.8005155;89.45618768;96.6503983;109.2353898;68.76267471;108.853446;46.63922282;154.157587;107.1428143;183.7007722;49.25015105;46.58739221
01/08/2001;78.81920847;90.24769949;80.43925712;89.20491981;54.05589126;81.75600901;31.03843063;107.372951;75.56849549;44.01107049;60.00530133;32.55413419
01/09/2001;234.0863859;407.9408833;198.5136842;190.5846931;192.7860536;128.2658121;537.9830646;247.2817581;209.9146414;452.2370384;148.0704334;51.72849825
01/10/2001;232.7485586;337.9183301;274.3934979;287.1886306;299.9644074;205.798981;474.0588508;315.2898755;124.5316107;84.36834645;99.35938784;19.70704027
01/11/2001;153.5015167;197.3381916;178.8659604;189.6484706;147.9025816;126.6084738;267.5605362;141.7277033;121.1606719;69.02994248;106.2961433;20.42404319
01/12/2001;125.3341067;96.78871963;122.1513286;128.8782547;79.05515799;96.86340782;193.0706917;150.9117525;120.9771412;81.05209853;130.7736411;31.73964529
01/01/2002;138.2144593;137.5605251;172.9288647;184.2452046;152.8557539;203.9955857;194.7502496;234.86815;110.5132374;54.3061786;91.46339247;100.4230644
01/02/2002;86.58543693;60.00462247;86.59818907;91.66290374;85.34041702;107.0611314;108.2222651;149.6020926;108.1325909;154.578413;33.81085718;31.18326827
01/03/2002;94.04332916;103.1453972;82.61024292;86.26842171;66.00561717;96.44257938;74.76884595;101.7542639;80.38077571;94.58286475;86.88985876;28.62045342
01/04/2002;73.65613195;57.9640629;72.4555881;81.04187315;53.72381675;56.49814595;77.54487699;74.83792728;57.83891703;58.82370406;22.8627429;0
01/05/2002;86.96267502;103.296837;76.24549085;82.87907964;65.22520362;60.96489611;64.82744757;67.21113585;60.78857014;78.56610785;66.16118959;0
01/06/2002;85.06624286;68.21598959;81.15568335;87.36114418;69.63524259;78.98907115;79.16824272;80.83561347;97.34795585;113.3908441;57.97449108;10.48412569
01/07/2002;125.5001688;114.2602205;116.4701018;127.9459968;104.3154452;135.0557116;133.0050088;167.0416769;168.0904543;476.2499996;123.7538634;84.54549034
01/08/2002;110.1749986;131.1419928;78.15587857;85.69764786;45.79415741;96.57919009;105.0732763;151.8245216;105.8444859;210.2848943;71.0483794;49.64159131
01/09/2002;138.3824598;178.2957763;102.0075129;102.0457718;92.34408148;139.9561888;341.9223064;161.107754;114.4719004;56.93578904;34.77410438;48.59342022
01/10/2002;110.5652997;120.5767191;97.30410351;102.478109;84.33211536;151.2897161;239.9491153;131.2963235;94.77731876;109.0502679;52.47552046;26.88745518
01/11/2002;138.0514368;206.8669627;134.7418217;139.986633;119.7612678;123.8111347;302.3734688;220.45247;131.5463426;162.9757943;21.11435485;9.273079247
01/12/2002;149.9036974;165.022715;169.628288;183.0727467;138.101065;169.656583;330.8824632;304.8042548;186.3749992;455.5958889;53.75472637;38.88408829
01/01/2003;180.1041899;171.7552711;257.4577435;276.9869358;270.1722222;293.1870898;393.357193;308.5628533;156.3944379;151.6549875;29.58531859;27.28611469
01/02/2003;189.2582883;283.796952;253.4872903;265.9788788;276.0586994;203.1931009;523.54648;245.1681647;160.6966235;296.7713833;66.15363;9.684530702
01/03/2003;207.7752706;300.7496485;238.3022753;256.4684358;194.1384535;202.3690607;593.4599849;200.8641567;147.8996798;121.9906;79.53238049;17.46466023
01/04/2003;133.6861843;155.591338;167.8674881;182.700132;111.2864161;117.6644618;336.1705584;135.0582;101.3594908;119.4363089;29.72758656;18.27821759
01/05/2003;115.4218246;121.9248391;158.8367188;178.961058;128.4539836;135.3353426;210.0529298;123.0910771;118.1914627;283.7764973;49.04426985;35.47672638
01/06/2003;88.49870742;67.79086705;112.3823031;119.1616527;88.4304348;95.9465959;111.8479644;84.15586127;88.94332669;81.26511191;27.78525092;47.45544095
01/07/2003;81.34585317;51.74664956;89.3447781;84.99413796;93.25875245;80.3436716;97.45804864;56.5351561;60.35782672;67.49257206;21.31352649;18.72110435
01/08/2003;87.33799095;84.19547343;102.3900291;107.0666315;119.0726613;105.6383568;96.88245909;145.8711896;81.85265513;57.75520554;50.62130026;146.4699565
01/09/2003;93.72969115;53.8378165;99.11623747;101.7919555;103.1837592;111.834637;111.4612449;53.32150321;104.6959577;32.51994468;76.28768498;54.12233605
01/10/2003;64.01155899;33.86371584;82.70830963;89.60396378;69.93671131;67.58637432;94.75320609;32.82720932;55.96943911;7.427070132;61.65050552;82.40489326
01/11/2003;58.84477456;30.29223263;73.58589807;77.459213;44.7031376;95.85297312;76.4911151;96.86757421;67.89431375;56.61642364;125.5174562;0
01/12/2003;69.54688484;60.47648217;82.29542806;89.64642012;77.71460314;93.44195216;90.62361593;69.42593055;72.4284378;57.7714133;86.37821621;36.62776505
01/01/2004;91.41056812;94.51192914;131.2189128;144.6955911;102.514098;185.8738988;145.2369664;186.7428814;113.9143471;38.52213889;50.05001071;25.64467027
01/02/2004;81.16808169;53.07184275;111.1953388;114.1769741;96.73930529;135.3592522;102.397804;68.54122758;62.17867262;48.88733592;147.0301521;27.12075978
01/03/2004;63.46619788;38.91576892;73.43260281;79.05921454;55.22539051;102.4543849;84.91315697;101.1677428;56.40432508;0;61.35291455;8.200711952
01/04/2004;58.45098921;57.15698577;64.59898263;71.09761571;27.7144227;97.09715066;65.88141216;40.75133345;39.4614019;41.36815683;27.14530733;16.69048488
01/05/2004;75.19951025;92.67783958;62.95430409;66.13015877;37.55771725;68.93911118;100.7672593;32.03164588;62.14824158;78.63077444;81.08038271;41.54404066
01/06/2004;76.65543128;114.736083;62.70184062;65.1477287;40.82124099;72.58685324;88.0939178;50.04074506;80.65448991;91.73058969;43.18161543;0
01/07/2004;59.93571509;73.34909203;52.98298577;58.02479521;19.75871768;65.53624565;75.04907199;33.25832736;76.72802133;44.23951423;26.12651304;17.84896887
01/08/2004;66.50676626;95.12458581;61.22607302;64.26022542;27.10511358;90.65845607;115.682762;64.41028187;56.46669786;19.47208555;39.35426242;0
01/09/2004;71.6541946;71.32165237;63.29700611;64.86664276;44.31106646;139.0358413;120.0375634;114.7884268;84.04305303;64.55894409;32.89349496;25.28099856
01/10/2004;98.43444356;107.7022302;131.9171309;145.9220376;89.70369394;238.1489472;172.2232406;153.9486649;84.93966031;35.05665419;63.26037327;15.5584358
01/11/2004;72.93830695;78.57551175;79.84567042;85.96023438;54.79064234;138.0185516;122.0305872;149.4230976;55.37901832;33.92819089;40.81602708;25.09602395
01/12/2004;38.38450628;28.59229406;37.24450986;38.37381529;24.6469392;42.20191944;32.95661386;47.20854155;46.65872388;26.33790372;32.59009967;8.34927254
01/01/2005;63.28755909;77.83283293;66.5608974;69.76113058;46.42591906;99.86236564;71.04617949;113.6973153;57.92331345;80.47512344;18.4823967;32.46866513
01/02/2005;60.01146221;31.34054454;66.4522156;70.91593032;41.3682007;105.3903897;87.95495503;170.8211277;61.96230978;43.30419812;18.23341731;8.007818607
01/03/2005;54.56060965;42.25327753;64.21262934;70.19377046;34.52586385;79.62372998;60.93732738;98.03969848;75.4931462;51.89569624;25.75285142;14.39483953
01/04/2005;62.47120315;68.83730803;59.05549097;65.01561542;28.61256845;49.05973745;46.3059974;89.43668775;68.29183329;37.50039336;31.98952322;45.38996632
01/05/2005;69.62570491;60.59286998;50.46590156;53.17974902;25.5481938;70.43236203;55.01082923;76.12079545;61.51019929;41.60151028;102.5966038;46.15774395
01/06/2005;56.45053984;61.41351474;42.21767127;41.56366248;24.91998846;42.43266083;37.72484722;28.58787292;51.23145235;53.70693015;62.02568778;31.78077864
01/07/2005;50.4979448;56.60819119;30.4697;32.27570271;14.28257747;31.08538838;42.42040955;33.50872146;35.02914009;36.72173038;132.5300674;146.6766947
01/08/2005;52.903439;42.41258188;42.78195206;41.14999176;54.03747523;32.02916087;67.91377187;39.14292582;38.94648467;24.63780289;25.4053518;7.810330438
01/09/2005;82.20472081;126.8743665;50.15339636;48.45323728;31.8066312;52.18263686;58.31485867;88.61404484;39.30937702;40.53323232;21.94288758;14.99082242
01/10/2005;59.56882817;80.45718733;49.16952589;52.20793832;27.52341494;75.64640226;52.03660463;63.58903951;47.54868795;42.63163249;30.77182403;21.83108586
01/11/2005;48.35186939;32.46609598;51.7575518;55.93227758;44.89454228;49.92881749;63.2734258;65.38130653;31.06362803;13.29167624;14.39104364;44.24217662
01/12/2005;56.89408922;78.73817649;38.59700296;41.1335698;27.31342438;54.30203783;45.16742813;42.92587076;52.86923774;27.36980371;29.63358664;15.18368423
01/01/2006;60.81727222;62.22241081;54.01584102;52.74494783;32.55397472;99.56219162;63.92737179;89.75141029;43.61324084;53.00940352;21.52269846;51.46315964
01/02/2006;58.18459467;60.371622;45.97355057;49.24281144;24.59506234;79.91271532;52.29276511;69.50133133;45.18928383;68.6562422;17.34480216;0
01/03/2006;49.84178582;46.38076047;42.4838282;43.40878964;32.02690106;43.29759824;53.08928204;42.0399844;36.16251347;33.09591633;47.77774877;26.70589813
01/04/2006;67.66570897;57.94457798;60.01895537;65.72444409;18.97389027;55.46455823;53.9623066;53.77312674;100.0020077;31.96160184;23.07011789;7.092412866
01/05/2006;64.2031104;95.86812371;44.25902623;49.91390161;25.64615693;44.62013177;49.65110127;38.33946133;44.3055891;21.38979532;41.90670035;27.12277069
01/06/2006;65.83484641;91.21692512;35.98867889;37.24738502;19.84656673;49.24248367;45.53733287;22.11720623;86.93401369;29.08551739;23.32682124;21.51399241
01/07/2006;69.18348683;120.163635;37.95607106;41.56639263;13.77428958;64.79237876;55.5217368;25.90346544;56.4843805;50.4662021;48.56916488;7.465773939
01/08/2006;69.11658864;134.5969372;35.10652123;38.71209366;10.12681419;79.82813965;42.38938264;67.00718025;46.60005555;52.56200585;35.70789659;13.72203354
01/09/2006;37.60639002;35.06334046;23.05206476;24.4412169;5.777242895;31.85390454;41.79726784;29.50848748;44.27069317;21.95059556;15.84410037;13.91693938
01/10/2006;41.30012458;36.0965598;39.11098546;43.32507928;26.13233999;52.7755113;58.79155134;42.32868146;48.70962433;23.75034823;23.57186562;13.17575353
01/11/2006;51.44379651;48.19654219;44.04417659;47.15020005;23.65422241;74.00588197;55.97235229;41.62183358;85.28033517;30.40851624;41.70326976;6.747776688
01/12/2006;37.547709;17.61622867;38.44352871;41.6848994;17.58606123;51.17545684;43.62234918;36.29273519;46.74143339;15.90907655;18.37326043;14.12116198
01/01/2007;55.21650084;44.72173253;52.47217446;57.51671865;40.30464701;100.0022295;61.9081917;72.55643619;65.87992576;21.20361722;50.2876138;20.16501931
01/02/2007;38.35768586;27.48456458;35.01183356;37.52440539;15.54791542;38.175005;36.15629446;33.39008646;49.50867058;28.48220366;20.55866285;0
01/03/2007;55.67711834;59.73266382;39.43218961;44.21992313;11.55232294;51.35480631;44.05801374;32.18505149;44.14277813;42.32536719;22.4038903;6.26145044
01/04/2007;40.69189717;31.23259476;35.61989784;34.18456359;23.07182678;33.89498646;33.50957115;14.37812314;45.83422466;17.79589302;27.83127901;6.581638246
01/05/2007;52.4370198;36.2766463;52.97252077;58.46869195;28.40555356;49.74261223;38.46550444;35.53159843;57.26899038;33.98275413;14.30858356;0
01/06/2007;50.5290555;42.45996474;44.28305238;47.10197107;24.78196531;33.50307218;40.19312622;44.25843304;51.52249371;52.77037852;22.40590885;20.66464813
01/07/2007;37.26598941;25.43432021;28.49591827;29.14005058;15.77642527;33.27224392;35.6115163;45.71164301;35.87607437;33.91028435;22.25153743;20.52227359
01/08/2007;74.68660422;148.9329355;43.12329964;46.74200629;28.84898277;49.30179848;39.43107862;72.9926822;58.16299666;80.53090985;49.82382817;12.76438933
01/09/2007;75.64817454;154.1409048;38.86300473;42.54203942;18.9293063;90.90312559;43.16764274;44.23145647;105.850383;295.3101334;30.14341604;13.23849522
01/10/2007;69.60902153;122.1359633;42.17807398;44.29974248;22.56769224;50.25105092;43.06101546;29.01883252;55.54772194;87.630318;46.92905476;6.272752697
01/11/2007;63.24736053;94.69215131;37.92471476;41.53359376;15.32169302;49.95633625;45.31433085;15.59702978;51.62591318;37.42371621;31.16851383;31.94030325
01/12/2007;89.23051494;125.2693112;75.98911539;80.49314885;41.24381962;97.55178255;48.82766607;60.93514865;94.93121343;39.68518834;35.25545736;13.54816762
01/01/2008;158.6615572;238.2866373;189.8703773;214.2035552;107.723076;239.4068166;140.0340612;248.7618198;126.7026292;28.1408551;87.34278233;56.20115893
01/02/2008;100.3556417;102.750519;114.5269699;123.2914648;59.28687373;124.4790775;93.6190536;109.8326388;102.5335054;161.2318087;81.89583957;6.625557663
01/03/2008;102.1251884;161.235678;94.10751657;102.8188774;39.35909315;80.79042245;76.40648508;67.54136139;106.3242855;172.7658227;72.40856166;74.20153012
01/04/2008;85.41378822;88.15247823;75.38602717;80.84269981;44.66592586;96.44428833;55.39707239;72.45893867;91.68641297;113.2408854;93.69977208;12.25786594
01/05/2008;76.14960087;48.31972309;87.25166955;96.22871136;64.84207069;82.63770407;43.67670914;51.39225963;98.46166484;87.38140324;41.39135158;0
01/06/2008;84.79144606;51.21319244;75.84423624;81.69916343;27.50421977;60.65985501;70.87758309;55.34202729;129.306143;44.78661352;43.10307346;0
01/07/2008;88.70942407;94.88114733;83.42812303;85.5384737;53.96721036;97.02986872;81.48368061;92.3369398;166.1966288;315.2136221;28.95753599;50.8707044
01/08/2008;77.44875373;66.78899498;81.62045162;86.95456822;63.54293345;107.1189175;77.38935951;76.5544439;89.63137268;92.28441668;40.37064648;6.205544632
01/09/2008;160.5341872;202.1720929;110.2869053;115.8140844;80.86626057;115.8468886;152.9493648;88.50889159;286.3897313;877.5459465;30.5507595;25.04580176
01/10/2008;217.3119918;181.9019392;243.7280516;262.0555429;170.9743795;274.9538984;193.7261333;183.0375799;328.5254154;729.5290862;63.26395959;160.1694483
01/11/2008;195.2114371;142.7077398;186.9914637;196.6738847;130.4537636;241.91069;187.5524624;131.199602;226.8044467;471.5262166;86.634818;38.04859483
01/12/2008;145.6088841;113.5509472;142.4529347;154.9965856;83.3680031;153.772827;95.2149276;121.1455575;174.9586507;319.3605349;35.95215664;45.5111973
01/01/2009;187.9008193;71.8785307;214.7670311;227.0025728;185.6282038;267.449166;124.979848;226.5673799;176.2970014;241.8147817;45.71382028;19.16418195
01/02/2009;214.1350275;145.2466263;280.1123696;300.06891;285.1662121;429.5794699;87.44795661;424.3046891;238.9001722;655.1950292;44.19855724;13.58789832
01/03/2009;162.0978566;93.09614136;185.8047545;196.1320858;140.0889352;224.7510415;83.26821385;166.8049382;214.530212;389.0249978;59.43964632;18.90356298
01/04/2009;113.0508182;71.04363567;119.3916576;126.2978079;79.55924594;131.2365493;61.30825172;101.863045;171.193741;268.6270567;14.43913633;19.02429741
01/05/2009;107.7207904;88.83601039;101.9246828;105.3630183;88.47570236;110.9807019;56.69502296;73.94863486;120.9377614;198.8163062;18.71831263;6.393937432
01/06/2009;90.88646845;44.02606696;107.1718998;108.6412454;84.93373683;143.9224038;36.82917727;73.83488032;117.8420438;155.9799389;42.78323492;117.6828384
01/07/2009;104.9988722;46.60460584;121.0251355;125.0892383;100.8765342;230.3288655;55.26440748;112.9350467;129.198375;129.9993421;19.63977396;40.2521814
01/08/2009;81.88142303;46.04740416;70.91820288;74.41968464;54.11112599;148.9590594;33.55575761;94.6600582;93.82413888;135.2418014;26.62323301;47.74432769
01/09/2009;77.22976889;71.18106653;74.99486528;74.99872142;58.12329957;148.6733362;47.19138514;71.78469661;113.9239877;96.5967726;10.56428132;12.99104671
01/10/2009;71.23211823;30.44925687;82.66067952;85.50405304;71.48950679;139.6667865;23.73711698;84.68709334;108.0717751;107.2440823;13.89402407;24.40811234
01/11/2009;101.9499689;108.7670688;99.65551906;103.7842741;73.37784111;171.6158914;64.52554477;103.891897;107.6249128;143.9697762;25.44941317;91.27855519
01/12/2009;110.5395416;71.07693765;127.9364768;133.7648379;85.72867899;210.3347391;68.88681218;148.0148696;216.0605594;256.5825932;23.41649551;6.54445385
